CREATE DATABASE IF NOT EXISTS your_database_name;
USE your_database_name;

CREATE TABLE IF NOT EXISTS Student (
    Id CHAR(50) PRIMARY KEY,
    Name VARCHAR(50),
    Birthday DATE,
    Address VARCHAR(100),
    Notes TEXT
);

CREATE TABLE IF NOT EXISTS Course (
    Id CHAR(50) PRIMARY KEY,
    Name VARCHAR(50),
    Lecture VARCHAR(100),
    Year INT,
    Notes TEXT
);

CREATE TABLE IF NOT EXISTS Course_Student (

    Id CHAR(50) PRIMARY KEY,
    Student_Id CHAR(50),
    Course_Id CHAR(50),
    Grade FLOAT,
    FOREIGN KEY (Student_Id)
        REFERENCES Student (Id),
    FOREIGN KEY (Course_Id)
        REFERENCES Course (Id)
);

-- Dữ liệu cho bảng Student
INSERT INTO Student (Id, Name, Birthday, Address, Notes) VALUES
('S1', 'John Doe', '1998-05-15', '123 Main St, City', 'Excellent student'),
('S2', 'Jane Smith', '1997-09-20', '456 Elm St, Town', 'Hardworking and dedicated'),
('S3', 'David Johnson', '1999-03-10', '789 Oak St, Village', 'Enthusiastic learner'),
('S4', 'Emily Brown', '1996-11-25', '101 Pine St, Countryside', 'Active participant'),
('S5', 'Michael Wilson', '1998-07-03', '202 Maple St, Suburb', 'Creative thinker'),
('S6', 'Sarah Taylor', '1997-04-18', '303 Cedar St, City', 'Inquisitive mind'),
('S7', 'Matthew Martinez', '1999-08-21', '404 Birch St, Town', 'Great team player'),
('S8', 'Olivia Anderson', '1996-12-12', '505 Pine St, Village', 'Natural leader'),
('S9', 'Daniel Thomas', '1998-06-30', '606 Elm St, Countryside', 'Passionate about learning'),
('S10', 'Sophia Clark', '1997-10-05', '707 Oak St, Suburb', 'Artistic talent'),
('S11', 'Jacob Lewis', '1999-02-17', '808 Maple St, City', 'Strong problem solver'),
('S12', 'Isabella Walker', '1996-08-24', '909 Cedar St, Town', 'Excellent communicator'),
('S13', 'William Hall', '1998-03-09', '1010 Birch St, Village', 'Analytical thinker'),
('S14', 'Mia Young', '1997-11-30', '1111 Pine St, Countryside', 'Curious explorer'),
('S15', 'Ethan Hernandez', '1999-07-22', '1212 Elm St, Suburb', 'Tech-savvy enthusiast'),
('S16', 'Amelia King', '1996-05-12', '1313 Oak St, City', 'Team collaborator'),
('S17', 'Alexander Scott', '1998-09-14', '1414 Maple St, Town', 'Driven learner'),
('S18', 'Ava Green', '1997-02-28', '1515 Cedar St, Village', 'Creative problem solver'),
('S19', 'Michael White', '1999-12-05', '1616 Birch St, Countryside', 'Detail-oriented'),
('S20', 'Sofia Adams', '1996-10-10', '1717 Pine St, Suburb', 'Independent thinker'),
('S21', 'James Baker', '1998-04-22', '1818 Elm St, City', 'Innovative creator'),
('S22', 'Charlotte Perez', '1997-08-11', '1919 Oak St, Town', 'Artistic expressionist'),
('S23', 'Benjamin Lopez', '1999-03-03', '2020 Cedar St, Village', 'Adventurous spirit'),
('S24', 'Harper Hill', '1996-11-16', '2121 Birch St, Countryside', 'Problem-solving skills'),
('S25', 'Lucas Flores', '1998-07-27', '2222 Pine St, Suburb', 'Quick learner'),
('S26', 'Luna Roberts', '1997-05-19', '2323 Elm St, City', 'Analytical thinker'),
('S27', 'Henry Mitchell', '1999-10-01', '2424 Oak St, Town', 'Logical reasoning'),
('S28', 'Liam Morgan', '1996-01-25', '2525 Cedar St, Village', 'Creative imagination'),
('S29', 'Ella Cook', '1998-06-08', '2626 Birch St, Countryside', 'Inquisitive mind'),
('S30', 'Mason Bailey', '1997-09-28', '2727 Pine St, Suburb', 'Critical thinker'),
('S31', 'Avery Reed', '1999-04-14', '2828 Elm St, City', 'Team player'),
('S32', 'Aiden Kelly', '1996-08-08', '2929 Oak St, Town', 'Strategic planner'),
('S33', 'Scarlett Torres', '1998-02-12', '3030 Cedar St, Village', 'Detail-oriented'),
('S34', 'Jack Coleman', '1997-12-18', '3131 Birch St, Countryside', 'Problem solver'),
('S35', 'Evelyn Russell', '1999-06-02', '3232 Pine St, Suburb', 'Excellent communicator'),
('S36', 'Jacob Stewart', '1996-10-20', '3333 Elm St, City', 'Collaborative thinker'),
('S37', 'Nora Watson', '1998-05-08', '3434 Oak St, Town', 'Artistic talent'),
('S38', 'Miles Brooks', '1997-08-03', '3535 Cedar St, Village', 'Tech enthusiast'),
('S39', 'Hannah Ward', '1999-02-01', '3636 Birch St, Countryside', 'Problem-solving skills'),
('S40', 'Victoria Bennett', '1996-11-07', '3737 Pine St, Suburb', 'Strong leader'),
('S41', 'Leo Richardson', '1998-06-15', '3838 Elm St, City', 'Innovative thinker'),
('S42', 'Lily Barnes', '1997-09-09', '3939 Oak St, Town', 'Creative expressionist'),
('S43', 'Nathan Hughes', '1999-03-28', '4040 Cedar St, Village', 'Strategic planner'),
('S44', 'Zoey Price', '1996-07-17', '4141 Birch St, Countryside', 'Critical thinker'),
('S45', 'Grace Coleman', '1998-01-11', '4242 Pine St, Suburb', 'Logical reasoning'),
('S46', 'Maxwell Peterson', '1997-11-05', '4343 Elm St, City', 'Analytical thinker'),
('S47', 'Audrey Butler', '1999-05-23', '4444 Oak St, Town', 'Detail-oriented'),
('S48', 'Logan Rivera', '1996-09-04', '4545 Cedar St, Village', 'Innovative creator'),
('S49', 'Zoe Murphy', '1998-04-06', '4646 Birch St, Countryside', 'Artistic talent'),
('S50', 'Carter Cox', '1997-07-30', '4747 Pine St, Suburb', 'Team player');


-- Dữ liệu cho bảng Course
INSERT INTO Course (Id, Name, Lecture, Year, Notes) VALUES
('C1', 'Introduction to Computer Science', 'Dr. Smith', 2022, 'Basic concepts of programming'),
('C2', 'Data Structures and Algorithms', 'Prof. Johnson', 2022, 'Advanced data structures and algorithms'),
('C3', 'Database Management Systems', 'Dr. Williams', 2022, 'Fundamentals of database systems'),
('C4', 'Web Development', 'Prof. Brown', 2022, 'Building dynamic web applications'),
('C5', 'Machine Learning', 'Dr. Taylor', 2022, 'Introduction to machine learning algorithms');

-- Dữ liệu cho bảng Course_Student
INSERT INTO Course_Student (Id, Student_Id, Course_Id, Grade) VALUES
('CS1', 'S2', 'C1', 8.0),
('CS2', 'S3', 'C1', 7.6),
('CS3', 'S5', 'C1', 5.5),
('CS4', 'S6', 'C1', 7.0),
('CS5', 'S7', 'C1', 6.7),
('CS6', 'S9', 'C1', 4.3),
('CS7', 'S13', 'C1', 7.1),
('CS8', 'S15', 'C1', 6.6),
('CS9', 'S21', 'C1', 5.0),
('CS10', 'S25', 'C1', 8.8),
('CS11', 'S28', 'C1', 9.2),
('CS12', 'S31', 'C1', 5.8),
('CS13', 'S33', 'C1', 6.2),
('CS14', 'S35', 'C1', 6.7),
('CS15', 'S36', 'C1', 6.8),
('CS16', 'S38', 'C1', 8.3),
('CS17', 'S40', 'C1', 8.4),
('CS18', 'S42', 'C1', 8.6),
('CS19', 'S43', 'C1', 4.9),
('CS20', 'S44', 'C1', 5.7),
('CS21', 'S46', 'C1', 6.0),
('CS22', 'S47', 'C1', 5.1),
('CS23', 'S48', 'C1', 5.8),
('CS24', 'S49', 'C1', 9.1),
('CS25', 'S50', 'C1', 2.7),
('CS26', 'S32', 'C2', 8.2),
('CS27', 'S31', 'C2', 7.7),
('CS28', 'S30', 'C2', 8.5),
('CS29', 'S29', 'C2', 9.1),
('CS30', 'S28', 'C2', 7.9),
('CS31', 'S27', 'C2', 8.4),
('CS32', 'S26', 'C2', 7.2),
('CS33', 'S25', 'C2', 8.8),
('CS34', 'S24', 'C2', 7.5),
('CS35', 'S23', 'C2', 8.3),
('CS36', 'S22', 'C2', 8.7),
('CS37', 'S21', 'C2', 7.6),
('CS38', 'S35', 'C2', 9.0),
('CS39', 'S36', 'C2', 8.1),
('CS40', 'S37', 'C2', 7.8),
('CS41', 'S38', 'C2', 8.6),
('CS42', 'S39', 'C2', 7.4),
('CS43', 'S40', 'C2', 8.9),
('CS44', 'S41', 'C2', 7.3),
('CS45', 'S42', 'C2', 8.0),
('CS46', 'S46', 'C3', 8.2),
('CS47', 'S47', 'C3', 7.7),
('CS48', 'S48', 'C3', 8.5),
('CS49', 'S49', 'C3', 9.1),
('CS50', 'S50', 'C3', 7.9),
('CS51', 'S1', 'C3', 8.4),
('CS52', 'S2', 'C3', 7.2),
('CS53', 'S3', 'C3', 8.8),
('CS54', 'S4', 'C3', 7.6),
('CS55', 'S5', 'C3', 9.0),
('CS56', 'S6', 'C3', 8.3),
('CS57', 'S7', 'C3', 7.8),
('CS58', 'S8', 'C3', 8.1),
('CS59', 'S9', 'C3', 8.7),
('CS60', 'S10', 'C3', 7.5),
('CS61', 'S11', 'C3', 9.2),
('CS62', 'S12', 'C3', 8.6),
('CS63', 'S13', 'C3', 7.4),
('CS64', 'S14', 'C3', 8.9),
('CS65', 'S15', 'C3', 8.0),
('CS66', 'S16', 'C3', 8.5),
('CS67', 'S17', 'C3', 7.7),
('CS68', 'S18', 'C3', 8.2),
('CS69', 'S19', 'C3', 8.8),
('CS70', 'S20', 'C3', 7.9),
('CS71', 'S21', 'C3', 8.3),
('CS72', 'S22', 'C3', 8.7),
('CS73', 'S23', 'C3', 7.6),
('CS74', 'S24', 'C3', 8.4),
('CS75', 'S25', 'C3', 8.0),
('CS76', 'S26', 'C4', 8.2),
('CS77', 'S27', 'C4', 7.7),
('CS78', 'S28', 'C4', 8.5),
('CS79', 'S29', 'C4', 9.1),
('CS80', 'S30', 'C4', 7.9),
('CS81', 'S31', 'C4', 8.4),
('CS82', 'S32', 'C4', 7.2),
('CS83', 'S33', 'C4', 8.8),
('CS84', 'S34', 'C4', 7.6),
('CS85', 'S35', 'C4', 9.0),
('CS86', 'S1', 'C5', 8.3),
('CS87', 'S2', 'C5', 7.9),
('CS88', 'S3', 'C5', 8.7),
('CS89', 'S5', 'C5', 9.0),
('CS90', 'S8', 'C5', 7.5),
('CS91', 'S44', 'C5', 8.1),
('CS92', 'S46', 'C5', 9.2),
('CS93', 'S33', 'C5', 7.8),
('CS94', 'S17', 'C5', 8.5),
('CS95', 'S14', 'C5', 7.2),
('CS96', 'S25', 'C5', 8.9),
('CS97', 'S26', 'C5', 7.7),
('CS98', 'S27', 'C5', 8.4),
('CS99', 'S28', 'C5', 9.1),
('CS100', 'S29', 'C5', 7.6);

SELECT * FROM Student;
SELECT * FROM Course;
SELECT * FROM Course_Student;